Company Name,Link,Region,Address
AE Projects,https://www.ae.be/en/,Flanders,"Tijkwerkersstraat 3, 2300 Turnhout"
Agilytic,http://www.agilytic.be,Wallonia,"Rue F. Dubois 2, 1310 La Hulpe"
Aptus,https://www.aptus.be/#,Flanders,"Meensesteenweg 449, 8501 Kortrijk"
Arinti,https://arinti.ai/,Flanders,
Around Media,https://www.around.media/,Flanders,"Adres: Kortrijksesteenweg 1127/0002, 9051, 9000 Gent"
B12 Consulting,https://www.b12-consulting.com/,Wallonia,"Boucle Odon Godart, 2, 1348, Ottignies-Louvain-la-Neuve"
Blendr.io,https://www.blendr.io/,Flanders,2017
BOBUP,http://www.bobup.be,Brussels,"Rue de Ransbeek 230, 1120 Bruxelles"
Boltzmann,http://www.boltzmann.be,Flanders,"20 februari 1844, Wenen, Oostenrijk"
Brainjar,http://www.brainjar.ai,Flanders,"Gaston Geenslaan 11, 3001 Leuven"
Brainstorm Consulting,https://www.bstorm.be/,Wallonia,"Rue du Bosquet 7, 1348 Ottignies-Louvain-la-Neuve"
Calculus,https://www.calculus.group/?lang=fr,Flanders,"Kempenseweg 12, 3690 Zutendaal"
Chiveo,http://www.chiveo.be/,Wallonia,
Comexis Partners,https://comexis.net/,Wallonia,"Avenue Pasteur 6, Building H, 1300 Wavre"
CooperLink,http://www.cooperlink.io,Wallonia,"Rue du Bois Saint-Jean 15/1, 4102 Seraing"
Creax,https://creax.com/,Flanders,"Walle 113G, 8500 Kortrijk"
CrossLang,http://www.crosslang.com/en,Flanders,"Kerkstraat 106, 9050 Gent"
D-Sight ,http://www.d-sight.com/,Brussels,2010
DART Consulting,http://dartconsult.com/fr/,Brussels,"Congresstraat 13, 1000 Brussel"
Data Factory ,https://www.datafactory.be/,Brussels,
Data Minded,http://www.dataminded.be,Flanders,"Vismarkt 17, 3000 Leuven"
Dataa,http://www.dataa.com,Brussels,"Dieudonné Lefèvrestraat 17, 1020 Brussel"
Dataroots,http://dataroots.io,Flanders,"Tiensevest 132, 3000 Leuven"
Datastories,http://datastories.com,Flanders,"Antoine Coppenslaan 27/bus 11, 2300 Turnhout"
Decis,https://www.decis.be/fr/,Wallonia,"505,21 g/mol"
Deeper Analytics,http://deeperanalytics.be,Wallonia,
DeltaTec,https://www.deltatec.be/,Wallonia,"Rue Gilles Magnée 92/6, 4430 Ans"
Dfakto,http://www.dfakto.com,Brussels,"Louis Schmidtlaan 29, 1040 Etterbeek"
Engiforce,http://www.engiforce.com/,Wallonia,
EuraNova,http://euranova.eu,Wallonia,"Rue Emile Francqui 4, 1435 Mont-Saint-Guibert"
Faktion,https://www.faktion.com/,Flanders,"Oudeleeuwenrui 39, 2000 Antwerpen"
Fit-For-Purpose Tech.,http://www.fitforpurpose.tech/,Brussels,"Victor Oudartstraat 7, 1030 Schaarbeek"
Fourcast,https://gcloud.devoteam.com/,Brussels,"Engelse Wandeling 2/18K, 8510 Kortrijk"
Freemind,http://www.freemind-group.com,Brussels,Java (programmeertaal)
GMind analytics,http://www.gmind.net,Wallonia,
Humain.AI,http://humain.ai,Flanders,
I-Pulses,https://www.i-pulses.be/,Wallonia,"Esplanade de Cuyper Beniest 5, 4671 Blégny"
In The Pocket,http://inthepocket.com,Flanders,
Ingestic,https://www.ingestic.be/,Wallonia,"Rue du Manège 18b, 1301 Wavre"
Invenira,http://www.invenira.com,Flanders,"Professor Roger Van Overstraetenplein 5, 3000 Leuven"
Ixor,https://ixor.be/,Flanders,"Schuttersvest 75, 2800 Mechelen"
Kantify,http://kantify.com,Brussels,"Louizalaan 54, 1050 Brussel"
Klarrio,https://klarrio.com/,Flanders,"Plantin en Moretuslei 1A, 2018 Antwerpen"
Lantana,http://www.lantana.be,Brussels,
ML6,http://ml6.eu,Flanders,"Esplanade Oscar Van De Voorde 1, 9000 Gent"
Mobius Design Thinking,https://www.mobius.eu/en/,Flanders,
N-side,http://www.n-side.com,Flanders,"Av. Baudouin 1er 25, 1348 Ottignies-Louvain-la-Neuve"
Odase,http://www.odaseontologies.com,Brussels,"Kazernestraat 45, 1000 Brussel"
Omina Tech.,http://www.omina.be,Flanders,"Mechelsesteenweg 19, 2018 Antwerpen"
Onebonsai,https://onebonsai.com/fr/ ,Flanders,"Luchthavenlaan 4, 1800 Vilvoorde"
Optimal Computing,https://www.optimalcomputing.be/index.php?company=company,Wallonia,"Rue de la Vignette 36, 7034 Mons"
Optimal Design,https://optimaldesign.com/OD/company.html,Brussels,
P4A,https://performanceforassets.com/,Wallonia,
Pegus Digital,https://pegus.digital/,Flanders,"Noordlaan 18, 8520 Kuurne"
Proxyclick,https://www.proxyclick.com/fr/?ads_cmpid=10183243095&ads_adid=100705580294&ads_matchtype=e&ads_network=g&ads_creative=438584373765&utm_term=proxyclick&ads_targetid=kwd-333521833842&utm_campaign=&utm_source=adwords&utm_medium=ppc&ttv=2&gclid=Cj0KCQiAoab_BRCxARIsANMx4S4eNWy3CB0MJQS_f507NsZWoBKEntVo3N3ow4gD_75rlWTZ5BN3a5QaAgU_EALw_wcB,Brussels,"Sint-Huibrechtsstraat 17, 1150 Brussel"
Radix.ai,http://www.radix.ai,Brussels,"Kantersteen 10, 1000 Brussel"
Reimagine,http://www.reimagine.be,Wallonia,"Witte Patersstraat 4, 1040 Etterbeek"
Room40,http://roomfourzero.com,Flanders,"Chemin-Rue 40, 4960 Malmedy"
Sagacify,http://www.sagacify.com,Brussels,"De Broquevillelaan 12, 1150 Brussels"
Savaco,http://www.savaco.com/,Flanders,"Beneluxpark 19, 8500 Kortrijk"
Seen apps,http://www.seen-apps.com ,Wallonia,"Rue Marcel de Brogniez 27/1, 4690 Bassenge"
Sentiance,https://www.sentiance.com ,Flanders,"Korte Lozanastraat 20, 2018 Antwerpen"
Skalup,http://www.skalup.com,Wallonia,"Av. Reine Astrid 16, 5000 Namur"
Sparkle,https://www.sparkle.tech/,Wallonia,"Grauwmeer 1, 3001 Leuven"
Tapptic,http://www.tapptic.com,Brussels,2009
TDSGN,https://www.tdsgn.be/,Wallonia,
Tengu,https://www.tengu.io/,Flanders,
Thelis,http://www.thelis.be,Wallonia,"Rue des Salamandres 2, 5100 Namur"
Trendskout,http://www.trendskout.com,Flanders,"Ottergemsesteenweg Zuid 808, 9000 Gent"
Tropos,http://www.tropos.io,Flanders,"Mechelsesteenweg 271, 2018 Antwerpen"
Underside,http://www.underside.be,Wallonia,"Av. Georges Lemaître 5, 6041 Charleroi"
VECTR Consulting,https://Vectr.Consulting,Flanders,"De Villermontlaan 9, 2550 Kontich"
VERHAERT,https://www.verhaert.com ,Wallonia,
VersaSense,http://www.versasense.com,Flanders,"Kapeldreef 60, 3001 Leuven"
Waylay,http://www.waylay.io,Flanders,"Blekersdijk 33a, 9000 Gent"
WEPOC,https://wepoc.be/,Wallonia,"Rue du Traité de Rome 6, 1348 Ottignies-Louvain-la-Neuve"
XC Lab,http://xclab.com/ ,Wallonia,
6Wolves,http://www.6wolves.ai,Brussels,"Moerstraat 40, 8000 Brugge"
Artiq,http://www.artiq.eu,Flanders,
Aspect Analytics,http://www.aspect-analytics.com,Flanders,"C-Mine 12, 3600 Genk"
Asylia Diagnostics,https://www.asyliadx.com/,Flanders,
Aurelis,https://aurelis.org/,Flanders,"Oude Godstraat 200, 2650 Edegem"
Avalasia,http://www.avalasia.com,Flanders,
Axiles Bionics,http://www.axilesbionics.com,Brussels,"Raketstraat 64, 1130 Brussel"
Axinesis,http://www.axinesis.com,Wallonia,"Av. Sabin 3, 1300 Wavre"
Bartanel,http://bartanel.com,Flanders,
Bingli,http://www.mybingli.com,Flanders,
BioClue,http://www.bioclue.eu,Flanders,2019
BioLizard,https://lizard.bio/,Flanders,"Martelaarslaan 408, 9000 Gent"
BioStrand,https://www.biostrand.be/,Flanders,"Abis, Agoralaan, 3590 Diepenbeek"
BT Clinical Computing,http://www.btclinicalcomputing.com,Wallonia,
CluePoints,http://cluepoints.com,Wallonia,"New Tech Center, Av. Albert Einstein 2a, 1348 Ottignies-Louvain-la-Neuve"
Creative Therapy,https://www.mycreativetherapy.com/#pll_switcher,Flanders,"Derbystraat, 9051 Gent"
DEO,https://deo.care/,Flanders,
Digital Orthopaedics,http://www.digital-orthopaedics.com,Wallonia,"Rue Emile Francqui 1, 1435 Mont-Saint-Guibert"
DNAlytics,http://dnalytics.com,Wallonia,"Centre Monnet, Av. Jean Monnet, 1348 Ottignies-Louvain-la-Neuve"
EarlyTracks,https://www.earlytracks.com/,Brussels,"Sint-Pieterssteenweg 260, 1040 Bruxelles"
Ectosense,https://www.ectosense.com/,Flanders,"De Hoorn, Sluisstraat 79/00.01, Sluisstraat, 3000 Leuven"
emma.health,http://emma.health,Flanders,"Ottergemsesteenweg Zuid 808C/bus 12, 9000 Gent"
Enpy,http://www.enpy.com,Brussels,"Louizalaan 65/11, 1050 Elsene"
Epcon,http://www.epcon.ai,Flanders,"Sint-Pietersvliet 7, 2000 Antwerpen"
Epihunter,https://www.epihunter.com/,Flanders,"Corda Campus, Kempische Steenweg 303/200, 3500 Hasselt"
Epilog,http://www.epilog.care,Flanders,"Vlasgaardstraat 52, 9000 Gent"
FluidDA,https://www.fluidda.com/,Flanders,"Groeningenlei 132, 2550 Kontich"
Gabi Smartcare,https://gabismartcare.com/,Wallonia,"Rue Emile Francqui 6 2nd Floor, 1435 Mont-Saint-Guibert"
Genae,https://www.genae.com/,Flanders,"Justitiestraat 6, 2018 Antwerpen"
HeartKinetics,https://heartkinetics.com/fr/,Wallonia,"Drève Richelle 161/57/Building M, 1410 Waterloo"
Hippocreates,http://www.hippocreates.be/,Flanders,"Ter Heidelaan 95A, 3200 Aarschot"
IBA,https://iba-worldwide.com/,Wallonia,
icoMetrix,http://www.icometrix.com,Flanders,"Kolonel Begaultlaan 1b, 3012 Leuven"
Innovation Sprint,https://innovationsprint.eu/,Brussels,"Clos Chapelle-aux-Champs 30 bte 1.30.30, 1200 Brussels"
Lindacare,https://lindacare.com/,Flanders,"Grauwmeer 1/41, 3001 Leuven"
Lopos,https://www.lopos.be/,Flanders,"Ottergemsesteenweg Zuid 808, 9000 Gent"
Lynxcare,http://lynxcare.be,Flanders,"Tiensevest 132, 3000 Leuven"
Medical Robots,http://www.medical-robots.be,Flanders,
Minze health,https://minzehealth.com/,Flanders,"Offerandestraat 1, 2060 Antwerpen"
Molecubes,http://molecubes.com,Flanders,"Ottergemsesteenweg Zuid 808 bus 325, 9000 Gent"
Mona,https://mona.health/,Flanders,
Mynutia,http://www.mynutia.com,Flanders,
Nischala Tech.,https://www.nischalatech.com/,Flanders,
OncoDNA,http://www.oncoshare.com,Wallonia,december 2012
Oncoradiomics,http://www.oncoradiomics.com,Wallonia,"Oxfordlaan 55, 6229 EV Maastricht, Nederland"
Ontoforce,http://www.ontoforce.com,Flanders,"Moutstraat 108, 9000 Gent"
Ovizio,https://ovizio.com/,Brussels,"Kersbeeklaan 306, 1180 Ukkel"
Partheas,https://partheas.com/,Flanders,"Sint Jorisstraat 17A, 9300 Aalst"
Phasya,https://www.phasya.com/en,Wallonia,"Rue du Bois Saint-Jean 29, 4102 Seraing"
ProteoFormiX,https://www.proteoformix.com/,Flanders,
Qaelum,https://qaelum.com/,Flanders,"Gaston Geenslaan 9, 3001 Leuven"
Qompium,https://www.fibricheck.com/,Flanders,
QuantaCorp,http://www.QuantaCorp.io,Flanders,"Amelia Earhartlaan 17, 9051 Gent"
Relu,http://relu.eu ,Flanders,"Kapeldreef 60, 3001 Leuven"
Rombit,http://rombit.com,Flanders,"Meir 30, 2000 Antwerpen"
Saana,https://saana.co/,Brussels,
salamander U,https://www.salamanderu.com/ ,Wallonia,"Science Park, Marche-en-Famenne Novalis, Rue de la Science 8, 6900"
Savics,http://www.savics.org ,Brussels,"Gemeentelijk Godshuisstraat 6, 1170 Watermaal-Bosvoorde"
Simpl,http://www.logiciel-crm.be/,Wallonia,"Joseph Verhasseltstraat 9, 1083 Bruxelles"
Sneezz,https://sneezz.be/,Flanders,
Spectricity,http://spectricity.com,Flanders,"Stationsstraat 55, 2800 Mechelen"
Spentys ,http:// https://www.spentys.com/ ,Brussels,"Sint-Denijsstraat 120, 1190 Vorst"
Strong Supplies,http://strong.supplies,Flanders,"Waalkens 11C, 9000 Gent"
Sunrise,http://www.sunrise-sleep.com ,Wallonia,
TELEMIS,http://www.telemis.com ,Wallonia,"Av. Athéna 2, 1348 Ottignies-Louvain-la-Neuve"
The Medical Cloud Company,http://www.medicalcloudcompany.com,Wallonia,"Clos Chanmurly 13, 4000 Liège"
Vitamin.ai,https://vitamin-ai.com,Flanders,
Xperthis,http://www.xperthis.be,Brussels,
Yagram Health,http://www.yagram.com,Brussels,
Yoboo,http://yoboo.health,Flanders,
Alberts,http://alberts.be,Flanders,"Bijkhoevelaan 32c, 2110 Wijnegem"
Amigrow,https://amigrowfarming.com/,Flanders,
Ampacimon,http://www.ampacimon.com/,Wallonia,"Rue de Wallonie 11, 4460 Grâce-Hollogne"
Ask Attis,http://www.askattis.com,Flanders,
Blacklight Analytics ,https://www.blacklight-analytics.com/,Wallonia,"Rue du Bois Saint-Jean, 4102 Seraing"
Building IQ,https://www.b-iq.be/nl,Flanders,2012
BUILDWIND,http://www.buildwind.net,Brussels,"Barastraat 175, 1070 Bruxelles"
byNubian,https://www.bynubian.com/fr/,Flanders,"Coupure Rechts 64D, 9000 Gent"
Dapesco,https://www.dapesco.com/fr/,Wallonia,"Rue Granbonpré 4, 1348 Ottignies-Louvain-la-Neuve"
Enervalis,http://www.enervalis.com,Flanders,"Lummense Kiezel 51, 3510 Hasselt"
Ethernetics,http://ethernetics.tech,Flanders,"Antwerpse Steenweg 19, 9080 Lochristi"
Foodpairing,https://www.foodpairing.com/fr/home,Flanders,"Ottergemsesteenweg Zuid 808, 9000 Gent"
Foresightee,http://www.foresightee.com,Flanders,
Hyler,http://www.hyler.be/,Flanders,"Vijvedreef 54, 8710 Wielsbeke"
i-farming,http://i-farming.net,Flanders,
IPBuilding,https://www.ipbuilding.be/,Flanders,"Ninovesteenweg 196, 9320 Aalst"
LAMMP,https://lammp.be/,Flanders,"Mechelsesteenweg 271/bus 2.1, 2018 Antwerpen"
Memoco,https://memoco.eu/,Wallonia,"Rue de Rodeuhaie 6, 1348 Ottignies-Louvain-la-Neuve"
Opinum,https://www.opinum.com/fr,Wallonia,"Rue Emile Francqui 9, 1435 Mont-Saint-Guibert"
Otrema,http://www.otrema.eu,Brussels,
SoundTalks,http://www.soundtalks.be,Flanders,"Interleuvenlaan 15C, 3001 Leuven"
Strategic Water,http://strategicwater.be,Flanders,"Gaston Crommenlaan 8, 9050 Gent"
Sumaqua,http://www.sumaqua.be,Flanders,"Sluisstraat 79 b3.01, 3000 Leuven"
The Kobi Company,http://thekobi.com,Flanders,"Ambachtenlaan 7C, 3001 Leuven"
Toadi,http://www.toadi.com,Flanders,
WeSmart,http://www.wesmart.com,Brussels,"Dieudonné Lefèvrestraat 17, 1020 Brussel"
ACM,https://www.acmonline.eu/login.php,Wallonia,1 april 2013
Aividens,http://www.aividens.com,Brussels,"Vrijwilligerslaan 19, 1160 Oudergem"
Automated Analytics,http://automatedanalytics.eu,Flanders,"Schaarbeekstraat 20 E1.1, 9120 Beveren"
Booqee,http://www.booqee.com,Brussels,
CashForce,http://www.discover-edge.com,Flanders,"Atealaan 34, 2200 Herentals"
Complidata,http://complidata.io,Flanders,
Contract.fit,http://contract.fit,Flanders,
DeJuristen,https://dejuristen.be/?lang=fr,Flanders,"Heernislaan 19, 9000 Gent"
Docbyte,https://www.docbyte.com/,Flanders,"Kortrijksesteenweg 1144B, 9051 Gent"
Edebex,http://edebex.com,Brussels,"Jules Cockx Straat 8-10 box 2, 1160 Brussels"
EisphorIA,http://www.eisphoria.com,Brussels,
Features Analytics,http://www.features-analytics.com,Wallonia,"Rue de Charleroi 2, 1400 Nivelles"
Horus Software,https://horussoftware.be/fr/,Wallonia,"Quai des Ardennes 9, 4020 Liège"
Infinity Mobile,http://infinity-mobile.io,Flanders,"Hoogstraat 29, 9850 Deinze"
InvestSuite,http://www.investsuite.eu,Flanders,"Sluisstraat 79, 3000 Leuven"
Keyrock,http://keyrock.eu,Brussels,"Louizalaan 251, 1000 Brussel"
Lawrenza,https://lawrenza.com/,Brussels,
Lex.be,http://lex.be,Brussels,"Witte Patersstraat 4, 1040 Etterbeek"
Ludebo,https://www.sec-dpo.com/,Wallonia,
NGData,http://www.lilyproject.org,Flanders,"bus 10, Sluisweg 2, 9000 Gent"
RiskConcile,http://www.riskconcile.com,Flanders,"Kapeldreef 60, 3001 Leuven"
Vadis Tech.,http://www.vadis.com,Brussels,"Tervurenlaan 270, 1150 Brussel"
WeGroup,http://www.wegroup.be,Flanders,"Moutstraat 68, 9000 Gent"
Yields,http://yields.io,Brussels,
ActiveMe,http://activeme.be,Wallonia,"Rue Granbonpré 11 Building E (1st Floor, 1348"
AI Blackbelt,https://www.aiblackbelt.com/,Brussels,"Kantersteen 10, 1000 Brussel"
ammco,https://ammco.be/en/,Flanders,"Aarschotsesteenweg 147, 3111 Rotselaar"
BDM Reco,http://bdmreco.io,Wallonia,
Be Central,http://becentral.org/ ,Brussels,"Kantersteen 10/12, 1000 Brussel"
CitizenLab,http://citizenlab.co,Flanders,september 2015
Comproved,https://comproved.com/,Flanders,
Cytomine,http://www.cytomine.be,Wallonia,"Quai Banning 6, 4000 Liège"
Dalberg Data Insights,http://www.dalberg.com,Brussels,
Datacamp,http://www.datamind.org,Flanders,2013
Dwengo,https://dwengo.org/,Flanders,
Hovertone,https://www.hovertone.com/,Wallonia,"Rue des Soeurs Noires 4, 7000 Mons"
Knowliah,http://www.knowliah.com/,Flanders,"Leuvensesteenweg 282, 3190 Boortmeerbeek"
La Scientotheque,https://lascientotheque.be/,Brussels,"Expérimentarium de Physique de l'ULB, CP238, Triomflaan, 1050 Brussel"
Look,http://www.look-app.net,Wallonia,Jean Beyl
Molengeek,https://molengeek.com ,Brussels,"Pl. de la Minoterie 10, 1080 Molenbeek-Saint-Jean"
Musimap,http://www.musimap.com,Wallonia,"Vrijwilligerslaan 19, 1160 Oudergem"
nebula4,http://,Flanders,
Numeria,http://numeria.be/ ,Wallonia,
OPSORO,http://www.opsoro.be,Flanders,
Scriptbook,http://scriptbook.io,Flanders,
Aloxy,https://www.aloxy.io/,Flanders,"Sint-Pietersvliet 7, 2000 Antwerpen"
AMIA Systems,http://www.amia-systems.com,Brussels,"Greenbizz, Dieudonné Lefèvrestraat 17, 1020 Brussel"
Arkite ,https://arkite.com/,Flanders,"C-Mine 12, 3600 Genk"
Azumuta,https://www.azumuta.com/,Flanders,"Technologiepark-Zwijnaarde 122, 9052 Gent"
Deltaray,https://deltaray.eu/,Flanders,"Schaliënhoefdreef 20T, 2970 Antwerpen"
Diabatix,http://diabatix.com,Flanders,"Technologielaan 11, 3001 Leuven"
epic blue,http://www.epic.blue,Flanders,"Asstraat 5, 3000 Leuven"
Factry,http://www.factry.io,Brussels,"Oktrooiplein 1, 9000 Gent"
Flexible Robotic Solutions,http://www.frsrobotics.com,Flanders,"Kapeldreef 60, 3001 Leuven"
i-Care,https://www.icareweb.com/fr-be/,Wallonia,
Inimco,https://inimco.com/,Flanders,"Frankrijkstraat 11/k5, 9140 Temse"
Iqunet,http://iqunet.com,Flanders,"Broekstraat 82, 9220 Hamme"
Magics Instruments,http://www.magics.tech,Flanders,"Cipalstraat 3, 2440 Geel"
Metheore,http://metheore.be/,Wallonia,"Rue du Bois Saint-Jean 15/1, 4102 Seraing"
MH Automation,http://www.armin-robot.com,Wallonia,
Movanis,http://www.movanis.be/,Flanders,"Mijnwerkerslaan 14, 3550 Heusden-Zolder"
PEPITe,https://www.pepite.com/,Wallonia,
Pick-it,http://www.pickit3d.com,Flanders,"Gaston Geenslaan 9, 3001 Oud-Heverlee"
SCM Revamp,http://www.scmrevamp.com,Wallonia,"Clos St Feuillien 5, 7070 Le Rœulx"
Sirris,http://www.sirris.be ,Wallonia,28 april 1949
Sitemark,https://www.sitemark.com ,Flanders,"Gaston Geenslaan 9, 3001 Leuven"
Sitemark,http:// https://www.smartnodes.be/,Wallonia,"Gaston Geenslaan 9, 3001 Leuven"
Solvice,http://www.solvice.io,Flanders,"Vlasgaardstraat 52, 9000 Gent"
The Grain,https://www.thegrain.pro/,Flanders,"Sint-Pietersvliet 7, 2000 Antwerpen"
ThePickPath,http://thepickpath.com,Wallonia,
Tractonomy,http://www.tractonomy.com,Flanders,
Trendminer,https://www.trendminer.com,Flanders,2013
Tusk IC,http://www.tusk-ic.com,Flanders,"Cuperusstraat 5, 2018 Antwerpen"
urbantz,http://www.urbantz.com,Brussels,"Louizalaan 251, 1000 Brussel"
VoxelSensors,https://www.voxelsensors.com/,Brussels,
Yazzoom,http://www.yazzoom.com,Flanders,"Derbystraat 65/building A, 9051 Gent"
Zensor,http://www.zensor.be,Brussels,"Witte Patersstraat 4, 1040 Etterbeek"
Airshaper,http://www.airshaper.com,Flanders,
Behault Mining,http://WWW.BEHAULT.EU,Flanders,
Conundra,http://www.conundra.eu,Flanders,"Voordries 41, 9860 Oosterzele"
Dropon,http://dropon.io,Flanders,"Oktrooiplein 1/bus 201, 9000 Gent"
eXia,https://www.exia.eu/site/,Brussels,"Witte Patersstraat 4, 1040 Brussel"
Ivex,http://www.ivex.ai,Flanders,"Kapeldreef 60, 3001 Leuven"
Jeasy,http://jeasy.ai,Brussels,"De Broquevillelaan 12, 1150 Brussel"
Mabo E&A,http://www.agv-automation.com,Flanders,"Mallekotstraat 43a, 2500 Lier"
Motulus,https://motulus.com/,Flanders,"Antwerpse Steenweg 61, 2660 Antwerpen"
Movetex,http://movetex.be,Flanders,"Provincieweg 405, 9550 Herzele"
OTIV,http://www.otiv.ai,Flanders,"Vijfwindgatenstraat 21 E, 9000 Gent"
railnova,https://www.railnova.eu ,Brussels,"Emile Feronstraat 153, 1060 Brussel"
Sailsense,http://www.sailsense.io,Brussels,"Kantersteen 47, 1000 Brussel"
SEAFAR,http://www.seafar.eu,Flanders,
Westray,http://www.westray.eu,Flanders,"47,13 km²"
XenomatiX,http://www.xenomatix.com,Flanders,"Research Park Haasrode, Romeinse straat 6, 3001 Leuven"
Amoobi,https://www.amoobi.com/,Wallonia,"Rue de l'Industrie 20, 1400 Nivelles"
Calltic,http://www.calltic.com,Flanders,
Elymentz,http://www.elymentz.com,Brussels,"De Meeûssquare 38/40, 1000 Brussel"
Retailsonar,http://retailsonar.com,Flanders,"Ferdinand Lousbergskaai 103, 9000 Gent"
RetViews,http://retviews.com,Brussels,"Louizalaan 231, 1050 Brussel"
Riaktr,http://www.riaktr.com,Brussels,"Kapitein Crespelstraat 2/4, 1050 Elsene"
Shavatar,http://www.shavatar.me,Flanders,
The retail factory,https://theretailfactory.be,Flanders,
Treedy’s,http://treedys.com/,Brussels,
Adshot,http://adshot.io,Flanders,
Araani,http://www.araani.com,Flanders,"Luipaardstraat 12, 8500 Kortrijk"
Depthen,https://www.depthen.com/fr/,Wallonia,
EyeSee,http://www.eyesee.be,Flanders,2012
Family-Eye,http://www.familyeye.be,Flanders,0495 30 67 17
Fielddrive,http://www.fielddrive.eu,Flanders,"Mechelsesteenweg 303, 2830 Willebroek"
Humainly,http://webmonks.vision,Flanders,
Kaspard,http://kaspard.com,Brussels,"Vorstlaan 36, 1170 Watermaal-Bosvoorde"
Limecraft,https://www.limecraft.com/,Flanders,"Sint-Salvatorstraat 18b/301, 9000 Gent"
Macty,http://macty.eu,Flanders,
Mintt,https://mintt.care/,Wallonia,"Louizalaan 251, 1050 Brussel"
Phoenix AI,https://www.phoenix-ai.com/,Wallonia,"2, Rue du vent des noirs moineaux, 7600 Péruwelz"
PixelVision,http://www.pixelvision.be,Flanders,"Kempische Steenweg 303/b23, 3500 Hasselt"
Piximate,http://www.piximate.net,Wallonia,"Av. Reine Astrid 92, 1310 La Hulpe"
Robovision,http://www.robovision.ai,Flanders,"Technologiepark-Zwijnaarde 80, 9052 Gent"
SeeMe,http://seeme.ai,Flanders,
Segments.ai,http://segments.ai,Flanders,
Sensifai,http://www.sensifai.com,Brussels,
VeriFlix,http://www.veriflix.ai/en/,Wallonia,"Av. Reine Astrid 92, 1310 La Hulpe"
ViBE,http://www.vibeinmotion.com,Wallonia,"Turnhoutsebaan 139a, 2140 Antwerpen"
Vision++,http://www.visionplusplus.com,Flanders,"Interleuvenlaan 15 Building G, 3001"
3State,https://3state.eu/,Flanders,
Aerospacelab,http://www.aerospacelab.be/,Wallonia,"Rue André Dumont 9, 1435 Mont-Saint-Guibert"
Airobot,https://airobot.eu/,Flanders,"1090, Lichtenberglaan, 3800 Sint-Truiden"
ALX systems,http://www.alxsys.com,Flanders,"Rue de la Résistance 26, 4681 Oupeye"
CrowdScan,http://www.crowdscan.be/,Flanders,
DeltaQ,http://www.deltaq.io,Brussels,"Antwerpselaan 40, 1000 Brussel"
Dronematrix,https://www.dronematrix.eu/,Flanders,
EASICS,https://www.easics.com/,Flanders,"Diestsevest 32/2B, 3000 Leuven"
Edgise,http://www.edgise.com,Flanders,"Gaston Geenslaan 11/B4, 3001 Leuven"
Geckomatics,http://www.geckomatics.com,Flanders,"Sint-Pietersvliet 7, 2000 Antwerpen"
Intermodalics,https://www.intermodalics.eu/,Flanders,"Gaston Geenslaan 9, 3001 Leuven"
IOOS ,http://www.ioos.be,Flanders,"Donklaan 182, 9290 Berlare"
March,http://www.letsmarch.be,Flanders,"Ottergemsesteenweg Zuid 808, 9000 Gent"
Oscars,https://www.oscars-sa.eu/,Wallonia,Verenigde Staten
Raymon,http://raymon.ai,Flanders,
Rockestate,http://www.rockestate.be,Brussels,"Witte Patersstraat 4, 1040 Etterbeek"
SpacePal,http://spacepal.eu,Flanders,"Bijkhoevelaan 32c, 2110 Wijnegem"
Uware Tech.,http://uware.io,Brussels,"Terkamerenlaan 28, 1000 Brussel"
Activeusers,http://activeusers.io,Brussels,
Bothive,http://bothive.be,Flanders,0498 81 85 87
BOTWISER,http://botwiser.com,Brussels,
Chatbot Plus,http://chatbot-plus.com,Brussels,"Leuvensesteenweg 775, 1140 Brussel"
Chatlayer,https://chatlayer.ai/,Flanders,"Ankerrui 9, 2000 Antwerpen"
Clever,http://clever.be,Flanders,
Craftworkz,https://www.craftworkz.co/,Flanders,"Gaston Geenslaan 11, 3001 Leuven"
Enigmoo,https://www.facebook.com/enigmoobot/,Brussels,
FaqBot,http://www.faqbot.co,Wallonia,"Chau. de Bruxelles 408, 1300 Wavre"
Lawren.io,http://lawren.io,Flanders,"Sint-Pietersvliet 7, 2000 Antwerpen"
LiNGUiNEO,http://www.linguineo.com,Flanders,
Metachat,http://metachat.com,Flanders,
Oakwood,https://oakwood.global/,Flanders,
OSWALD,https://www.oswald.ai/,Flanders,"Neuseplein 14, 9000 Gent"
Pharmabot,https://pharmacistbot.herokuapp.com/,Brussels,
Acapela Group ,https://www.acapela-group.com/,Wallonia,Bergen
Avantopy,http://avantopy.com,Flanders,
Iris,https://irisprosolutions.com/,Flanders,
Mentis,https://thingks.io/,Brussels,"Congresstraat 13, 1000 Brussel"
NLP Town,https://www.nlp.town/,Flanders,"Lange Lostraat 11, 3212 Lubbeek"
Say It Labs,http://www.sayitlabs.com,Flanders,"Domeinstraat 58, 3010 Leuven"
SmartSpoken,http://www.thecofoundry.co/investments-1/2016/12/29/smartspoken,Flanders,
Textgain,http://www.textgain.com,Flanders,
ThinkNext,http://www.thinknext.be,Flanders,"Minderbroedersstraat 17/2, 3000 Leuven"
Winston Analytics,http://www.winston-analytics.com,Flanders,"Holstraat 44, 9000 Gent"
Acic,http://www.acic.eu/fr/,Wallonia,"Bedrijvenzone Machelen-Cargo 700C, 1830 Machelen"
Crodeon Tech.,https://www.crodeon.com/,Flanders,"Technologiepark-Zwijnaarde 82, 9052 Gent"
EMDYN,https://www.emdyn.com/,Flanders,
Engine27,http://www.engine27.be,Flanders,
Entelec Control Systems,https://www.entelec.eu/,Flanders,"Wetenschapspark 25, 3590 Diepenbeek"
Hozint,https://www.hozint.com/,Brussels,
IP Metro,https://ipmetro.com/,Flanders,"Kerselaarstraat 28, 9820 Merelbeke"
Kerberos,http://kerberos.io,Flanders,"Tiensesteenweg 170, 3001 Leuven"
Mauhn,http://mauhn.com,Flanders,
Mediabos,https://www.mediabos.be/,Wallonia,"Lohirville 22A à, 4890 Thimister-Clermont"
Nviso,http://www.nviso.be,Brussels,"Guimardstraat 8, 1000 Brussel"
Phished,http://phished.be,Flanders,"Bondgenotenlaan 138, 3000 Leuven"
Qualitics,http://www.qualitics.eu,Wallonia,
Roborana,http://roborana.be,Flanders,"Veldkant 33b, 2550 Kontich"
Senhive,http://senhive.com,Flanders,0473 19 04 94
sweepatic,http:// https://www.sweepatic.com,Flanders,"Kapeldreef 60, 3001 Leuven"
Actonomy,https://www.googleadservices.com/pagead/aclk?sa=L&ai=DChcSEwihua69rO7tAhWChtUKHb8DDx8YABAAGgJ3cw&ohost=www.google.com&cid=CAESQOD2wAaMm978LFJgSpSJVPPCWzil5ja8i25J7R6DaC48uyp9q5QQJf2MrcJeabi9ovIl7ijunPuaL4-fv_I2TsE&sig=AOD64_3nnSJs5bnAPLHiU0joRkn0cFavTA&q&adurl&ved=2ahUKEwj06qe9rO7tAhUN8BoKHZlFALkQ0Qx6BAgFEAE,Flanders,"Xavier de Cocklaan 68, 9831 Sint-Martens-Latem"
Allthingsblue,http://allthingsblue.eu,Flanders,
AlterEdu,http://www.alteredu.be,Flanders,
BeWorkHappy,http://www.beworkhappy.be,Flanders,
Conversation Starter,https://www.conversationstarter.net/,Flanders,
EngineerX,http://www.engineerx.com,Flanders,"Belgicastraat 5/bus 2, 1930 Zaventem"
Facelytix,https://www.facelytix.com/,Flanders,
Gapp,http://plann3r.com,Flanders,"Eerste Ringdijkstraat 4, 1097 BC Amsterdam, Nederland"
Hirering,http://www.hirering.eu,Wallonia,"Cours Saint Michel 30A, 1040 Etterbeek"
ImplicitMeasures,https://implicitmeasures.com/,Flanders,
JiGSO,http://jigso.com,Flanders,"Antwerpse Steenweg 61, 2660 Antwerpen"
Jobgether,https://jobgether.com/,Brussels,+33 1 84 80 24 46
Karamel.one,https://karamel.one/,Flanders,
Lizi,http://lizi.works,Flanders,
Plann3R,https://plann3r.com/,Flanders,
ShiftMeApp,http://www.restaurant.shiftmeapp.com ,Brussels,"Louizalaan 523, 1050 Brussel"
Sympl,https://sympl.be/,Flanders,"Rijnkaai 37/bus 4, 2000 Antwerpen"
Techwolf,http://www.techwolf.be,Flanders,"Overzet 14b, 9000 Gent"
theMatchbox,http://thematchbox.be,Flanders,"Corluylei 43, 2150 Borsbeek"
Traicie,http://traicie.com ,Flanders,"Deinsesteenweg 114, 9031 Gent"
Adunio,http://www.adun.io,Flanders,
Apptweak,http://www.apptweak.com,Brussels,"The Platinum, Louizalaan 235, 1050 Brussel"
ASKOLI,http://www.askoli.net,Wallonia,
BossData,https://bossdata.be/contact/,Flanders,"Broederminstraat 9, 2018 Antwerpen"
Co-libry ,https://co-libry.com/,Flanders,
Cropland,http://www.cropland.be,Flanders,"Willem van Laarstraat 86/bus 02, 2600 Antwerpen"
Customer-Care AI,http://www.customer-care.ai/,Brussels,
eRowz,http://www.site-annonce.be,Wallonia,2011
Froomle,http://www.froomle.ai,Flanders,"MeetDistrict The Link Posthofbrug 6-8, 2600"
Hello Customer,https://www.hellocustomer.com/en/,Flanders,"Zuiderpoort, Gaston Crommenlaan 14/C1.1, 9000 Gent"
Hive CPQ,http://www.hivecpq.com,Flanders,"Kleindokkaai 17, 9000 Gent"
Instaon,https://instaon.io/fr,Brussels,
Ittention,https://www.ittention.com/,Wallonia,"Bd Dolez, 7000 Mons"
Juyo Analytics,http://juyoanalytics.com,Brussels,
Koopol,http://koopol.com,Wallonia,"Av. du Général Michel 1e, 6000 Charleroi"
LR Physics Consulting,https://lrdatascience.com/,Wallonia,"Rue de Corthys 11, 4280 Hannut"
Marketing & more,https://www.marketingandmore.be/,Flanders,"Veldkant 33, 2250 Kontich"
Memovie,http://www.memovie.be,Wallonia,"Av. Einstein 11, 1300 Wavre"
mindspeller,http://www.mindspeller.com,Flanders,
ML2Grow,http://www.ml2grow.com,Flanders,"Reigerstraat 8, 9000 Gent"
MoodMe,http://www.moodme.biz,Wallonia,"Rue des Vertes Haies 15, 1400 Nivelles"
Novable,https://novable.com/,Brussels,"Terhulpensesteenweg 150, 1170 Watermaal-Bosvoorde"
Plunch,http://www.plunch.net,Wallonia,
Predicube,http://www.predicube.com,Flanders,
PRICING PACT,https://www.pricingpact.com/,Brussels,"Oude Vijversstraat 55, 1190 Vorst"
Salesflare,https://salesflare.com/,Flanders,
Showpad,http://www.showpad.com,Flanders,"Moutstraat 62, 9000 Gent"
SIRIUS Insight,http://www.siriusinsight.be ,Wallonia,"Av. Alexander Fleming 10, 1348 Ottignies-Louvain-la-Neuve"
Sortlist,https://www.sortlist.com/,Wallonia,"Av. Zénobe Gramme 29, 1300 Wavre"
Sparkcentral,http://www.twitspark.com,Flanders,2012
Spott,http://www.appiness.mobi,Flanders,"Groeneweg 17, 9320 Aalst"
Taglayer,http://www.taglayer.com,Flanders,"Oude Koornmarkt 28, 2000 Antwerpen"
Trackuity,http://www.trackuity.com,Flanders,"Ridderstraat 15, 9000 Gent"
Verbolia,http://verbolia.com,Wallonia,"Rue Jean Burgers 2, 7850 Edingen"
Willow,http://www.contento.us,Flanders,20 mei 1988 (Verenigde Staten)
Alexandria.works,https://alexandria.works/findr/,Flanders,
Amethix,http://amethix.com,Flanders,0478 99 89 36
BrightKnight,http://brightknight.eu,Brussels,"Schildknaapsstraat 48, 1000 Brussel"
Crunch Analytics,https://www.crunchanalytics.be/,Flanders,"Rodelijvekensstraat 28/bus 002, 9000 Gent"
Datascouts,https://datascouts.eu/,Flanders,"Wiedauwkaai 23, 9000 Gent"
Datavillage,https://www.datavillage.me,Brussels,
Dice,https://www.dice-cro.com/,Flanders,
Doccle,http://doccle.be,Brussels,"511.000 (actief, juni 2015)"
Dual Lab,https://www.duallab.com/,Brussels,"Chem. Long 315, 1310 La Hulpe"
Element 61,https://www.element61.be/en,Brussels,"Buro & Design Center - Esplanade 1, bus 96, 1020 Brussel"
i.Deeds,https://www.ideeds.be/en,Flanders,"Molenstraat 72, 8790 Waregem"
Infofarm,https://infofarm.be/,Flanders,"Prins Boudewijnlaan 24E, 2550 Kontich"
JetPack,http://jetpack.ai,Brussels,
Kensu,http://www.kensu.io,Wallonia,
Klassif.ai,http://www.klassif.ai,Flanders,"Gaston Geenslaan 11, 3001 Leuven"
Marple,https://getmarple.io/,Flanders,23
Metamaze,https://metamaze.eu/,Flanders,"Oudeleeuwenrui 39, 2000 Antwerpen"
Moonoia,https://www.moonoia.com/,Wallonia,"Av. Georges Lemaître 58a, 6041 Charleroi"
Open Analytics,http://www.openanalytics.eu,Flanders,"Jupiterstraat 20, 2600 Antwerpen"
PVH Data Consulting,http://topicalfacets.com,Flanders,
Python Predictions,https://www.pythonpredictions.com/,Brussels,"Roger Vandendriesschelaan 9, 1150 Brussel"
Robonext,http://www.robonext.eu ,Flanders,"Vestinglaan 55, 2650 Edegem"
Solventure Life,http://www.solventuregroup.com,Flanders,"Bus 18, Blue Tower 1, Sluisweg 1, 9000 Gent"
TIMI,https://timi.eu,Brussels,
UgenTec,http://ugentec.com,Flanders,"Bedrijventerrein Hasselt Kiewit, Kempische Steenweg 303, 3500 Hasselt"
Uman.ai,http://uman.ai,Flanders,"Esplanade Oscar Van De Voorde 1, 9000 Gent"
Valkuren,http://www.valkuren.com,Brussels,"Kantersteen 10/12, 1000 Brussel"
